{
  "accuracy": 0.8675974689177854,
  "precision": 0.8997335790090504,
  "recall": 0.8675974689177854,
  "f1": 0.8603086805145931,
  "confusion_matrix": [
    [
      63230,
      2,
      373,
      3,
      16,
      22,
      4,
      5,
      0,
      0,
      9,
      78,
      208,
      0,
      0
    ],
    [
      250,
      141,
      0,
      0,
      0,
      0,
      0,
      0,
      0,
      0,
      0,
      0,
      0,
      0,
      0
    ],
    [
      43,
      0,
      25561,
      1,
      0,
      0,
      0,
      0,
      0,
      0,
      0,
      0,
      0,
      0,
      0
    ],
    [
      152,
      0,
      0,
      1906,
      0,
      1,
      0,
      0,
      0,
      0,
      0,
      0,
      0,
      0,
      0
    ],
    [
      5232,
      0,
      17,
      1,
      40773,
      0,
      0,
      0,
      0,
      0,
      0,
      0,
      2,
      0,
      0
    ],
    [
      18,
      0,
      0,
      0,
      0,
      1078,
      2,
      0,
      0,
      0,
      0,
      1,
      1,
      0,
      0
    ],
    [
      67,
      0,
      1,
      0,
      0,
      20,
      1069,
      0,
      0,
      0,
      0,
      1,
      1,
      0,
      0
    ],
    [
      727,
      0,
      0,
      0,
      0,
      0,
      14,
      845,
      0,
      0,
      0,
      1,
      0,
      0,
      0
    ],
    [
      1,
      0,
      0,
      0,
      0,
      0,
      0,
      0,
      1,
      0,
      0,
      0,
      0,
      0,
      0
    ],
    [
      5,
      0,
      0,
      0,
      0,
      0,
      0,
      0,
      0,
      2,
      0,
      0,
      0,
      0,
      0
    ],
    [
      15726,
      0,
      17,
      0,
      0,
      0,
      0,
      0,
      0,
      0,
      16015,
      2,
      1,
      0,
      0
    ],
    [
      15,
      0,
      0,
      0,
      0,
      0,
      0,
      0,
      0,
      0,
      1,
      1163,
      0,
      0,
      0
    ],
    [
      4,
      0,
      0,
      0,
      0,
      0,
      0,
      0,
      0,
      0,
      0,
      25,
      272,
      0,
      0
    ],
    [
      2,
      0,
      0,
      1,
      0,
      0,
      0,
      0,
      0,
      0,
      0,
      1,
      0,
      0,
      0
    ],
    [
      7,
      0,
      0,
      0,
      0,
      0,
      0,
      0,
      0,
      0,
      0,
      0,
      124,
      0,
      0
    ]
  ],
  "classification_report": {
    "0": {
      "precision": 0.7397138478456697,
      "recall": 0.9887412040656763,
      "f1-score": 0.8462882037623219,
      "support": 63950.0
    },
    "1": {
      "precision": 0.986013986013986,
      "recall": 0.36061381074168797,
      "f1-score": 0.5280898876404494,
      "support": 391.0
    },
    "2": {
      "precision": 0.9842889599137433,
      "recall": 0.9982815856278071,
      "f1-score": 0.9912358940551441,
      "support": 25605.0
    },
    "3": {
      "precision": 0.9968619246861925,
      "recall": 0.925692083535697,
      "f1-score": 0.9599597078821456,
      "support": 2059.0
    },
    "4": {
      "precision": 0.999607737380176,
      "recall": 0.8858881042911461,
      "f1-score": 0.939318543092128,
      "support": 46025.0
    },
    "5": {
      "precision": 0.9616413916146298,
      "recall": 0.98,
      "f1-score": 0.9707339036470058,
      "support": 1100.0
    },
    "6": {
      "precision": 0.9816345270890725,
      "recall": 0.9223468507333908,
      "f1-score": 0.951067615658363,
      "support": 1159.0
    },
    "7": {
      "precision": 0.9941176470588236,
      "recall": 0.5324511657214871,
      "f1-score": 0.6934755847353303,
      "support": 1587.0
    },
    "8": {
      "precision": 1.0,
      "recall": 0.5,
      "f1-score": 0.6666666666666666,
      "support": 2.0
    },
    "9": {
      "precision": 1.0,
      "recall": 0.2857142857142857,
      "f1-score": 0.4444444444444444,
      "support": 7.0
    },
    "10": {
      "precision": 0.9993759750390016,
      "recall": 0.5042347533138125,
      "f1-score": 0.6702799983258695,
      "support": 31761.0
    },
    "11": {
      "precision": 0.914308176100629,
      "recall": 0.9864291772688719,
      "f1-score": 0.949000407996736,
      "support": 1179.0
    },
    "12": {
      "precision": 0.4466338259441708,
      "recall": 0.9036544850498339,
      "f1-score": 0.5978021978021978,
      "support": 301.0
    },
    "13": {
      "precision": 0.0,
      "recall": 0.0,
      "f1-score": 0.0,
      "support": 4.0
    },
    "14": {
      "precision": 0.0,
      "recall": 0.0,
      "f1-score": 0.0,
      "support": 131.0
    },
    "accuracy": 0.8675974689177854,
    "macro avg": {
      "precision": 0.800279866579073,
      "recall": 0.6516031670709131,
      "f1-score": 0.6805575370472535,
      "support": 175261.0
    },
    "weighted avg": {
      "precision": 0.8997335790090504,
      "recall": 0.8675974689177854,
      "f1-score": 0.8603086805145931,
      "support": 175261.0
    }
  }
}