{
  "episode_rewards": [
    -7,
    -16,
    -15,
    -8,
    0,
    -31,
    0,
    12,
    15,
    3,
    -18,
    3,
    -5,
    -10,
    -11,
    -25,
    -53,
    -10,
    5,
    -5,
    12,
    -10,
    -10,
    12,
    -10,
    4,
    -3,
    5,
    -7,
    -10,
    12,
    -12,
    -2,
    -15,
    7,
    -2,
    13,
    11,
    -3,
    0,
    26,
    1,
    -10,
    4,
    3,
    -10,
    -17,
    -10,
    -24,
    -5,
    -25,
    -5,
    -10,
    -10,
    -16,
    5,
    26,
    13,
    52,
    -7,
    1,
    -4,
    13,
    21,
    2,
    24,
    11,
    -5,
    16,
    45,
    42,
    -1,
    32,
    21,
    -8,
    10,
    7,
    5,
    -3,
    36,
    39,
    -1,
    -16,
    3,
    -10,
    18,
    12,
    15,
    11,
    -27,
    36,
    0,
    27,
    15,
    60,
    16,
    27,
    16,
    30,
    29,
    50,
    20,
    15,
    48,
    35,
    35,
    23,
    -35,
    -3,
    3,
    54,
    32,
    12,
    30,
    9,
    66,
    17,
    48,
    60,
    66,
    -8,
    3,
    46,
    48,
    29,
    54,
    63,
    54,
    11,
    50,
    24,
    63,
    42,
    66,
    61,
    21,
    66,
    60,
    5,
    54,
    123,
    38,
    -69,
    47,
    95,
    -5,
    -4,
    93,
    2,
    46,
    85,
    201,
    -141,
    24,
    2,
    203,
    72,
    84,
    2,
    73,
    178,
    185,
    230,
    2,
    111,
    158,
    229,
    77,
    178,
    241,
    201,
    89,
    104,
    166,
    245,
    49,
    2,
    184,
    197,
    2,
    16,
    92,
    250,
    220,
    163,
    200,
    240,
    234,
    68,
    196,
    241,
    124,
    102,
    238,
    3,
    190,
    66,
    207,
    241,
    33
  ],
  "episode_losses": [
    0.0,
    0.0,
    0.0,
    0.0,
    0.0,
    0.0,
    0.0,
    0.0,
    0.0,
    0.0,
    23.387944221496582,
    44.99560546875,
    44.616415659586586,
    50.543949127197266,
    43.0947322845459,
    42.36864242553711,
    45.14385986328125,
    42.73562240600586,
    43.79329586029053,
    40.02342669169108,
    42.42879422505697,
    35.52445602416992,
    41.62492752075195,
    40.927574157714844,
    33.390296936035156,
    38.22968373979841,
    48.966156005859375,
    38.35953140258789,
    39.03621292114258,
    30.144428253173828,
    51.19331741333008,
    50.46700795491537,
    38.19211069742838,
    65.09523010253906,
    46.71473693847656,
    46.95234934488932,
    52.0483283996582,
    54.51080894470215,
    61.87881197248186,
    37.39316177368164,
    57.64046907424927,
    55.109910329182945,
    55.54930114746094,
    51.874966621398926,
    49.70639165242513,
    59.231300354003906,
    59.86140569051107,
    51.06664148966471,
    57.64906311035156,
    60.65439987182617,
    45.865796407063804,
    52.52633399963379,
    47.08683776855469,
    62.44053649902344,
    57.51198768615723,
    49.741676330566406,
    55.093271082097836,
    45.44096298217774,
    48.38669664719526,
    52.55128860473633,
    59.03491711616516,
    61.34329477945963,
    51.64754867553711,
    52.28795773642404,
    45.114701461791995,
    58.82013988494873,
    45.05156453450521,
    40.0673713684082,
    64.88676834106445,
    51.478162220546174,
    46.40019702911377,
    39.77396810054779,
    40.31879075368246,
    31.351308822631836,
    41.02775192260742,
    35.41715145111084,
    40.51160730634417,
    28.671452522277832,
    24.69919776916504,
    33.24809612546648,
    33.66703987121582,
    35.76284980773926,
    28.157803535461426,
    56.57770538330078,
    30.324003219604492,
    33.651833852132164,
    58.54128074645996,
    44.71711730957031,
    42.116480906804405,
    51.33230059487479,
    38.11647605895996,
    37.70964813232422,
    37.625170881097965,
    41.00460662841797,
    30.113069224357606,
    42.99941420555115,
    46.323789808485245,
    28.371682929992676,
    29.903165260950725,
    37.90656047397189,
    34.976546227931976,
    27.63138437271118,
    44.00967788696289,
    25.79776257276535,
    31.364728759316836,
    32.915581464767456,
    29.568888465563457,
    32.05791072845459,
    31.195979475975037,
    18.784918467203777,
    22.76910228199429,
    34.622962888081865,
    30.996562480926514,
    23.522653420766193,
    40.329938888549805,
    36.68995599313216,
    33.546462839299984,
    25.477700293064117,
    30.01836133003235,
    26.63505872813138,
    77.08719635009766,
    22.41680908203125,
    32.640436202287674,
    34.388318836688995,
    28.667235625417607,
    27.062718709309895,
    17.520883083343506,
    23.63918251461453,
    30.36428317156705,
    28.845582962036133,
    23.536787450313568,
    24.801028183528356,
    34.090333870479036,
    26.84576585076072,
    25.542590509761464,
    26.93142373221261,
    31.103838313709606,
    20.876866364479064,
    19.30919075012207,
    18.970625025885447,
    24.32727455056232,
    21.78634780995986,
    27.170459747314453,
    20.472749481201173,
    23.254178430975937,
    32.62225468953451,
    30.224595096111297,
    35.3151160137994,
    62.78865051269531,
    35.14688383102417,
    39.49647909164429,
    42.778294515609744,
    55.30435177326203,
    63.70178093229021,
    160.50421142578125,
    58.76107587814331,
    67.65862704277039,
    61.75616485595703,
    105.11627197265625,
    49.1371627913581,
    72.65377368927003,
    71.3242434835434,
    62.23841003417969,
    13.549162864685059,
    78.1631716632843,
    84.51102110147477,
    70.36869357585907,
    76.02084012508392,
    86.07260029366675,
    92.50321083307266,
    112.18002787351608,
    90.2498198723793,
    109.08653778500027,
    84.12411570258257,
    96.10244783997535,
    93.62002120568202,
    2.7037343978881836,
    155.42085107862948,
    117.478024777174,
    329.0030212402344,
    74.9543647028151,
    135.1767234891653,
    189.79515734910964,
    162.8840099155903,
    276.3443891164419,
    147.77017041087151,
    190.75304713606835,
    141.30621140241624,
    285.7001988983154,
    238.18344074726105,
    268.86333037734033,
    200.8791045017962,
    179.22369069125918,
    234.47130119234325,
    325.5648922721545,
    221.98242159008979,
    406.30264247059824,
    270.60910657405856,
    321.9567724984884,
    384.94621234430986
  ],
  "total_episodes": 200,
  "final_epsilon": 0.00998645168764533
}